Column1;caption;nome_evento;local_evento;artista;data_evento;valor;link_venda
0;Lembrete: 2° lote está esgotando, então corre e garante logo o seu ingresso pro AQUECE FORTALEZA nessa sexta ?Dia 15 de março o nosso encontro é no Colosso, com a primeira edição do @aquece.fortaleza e preparamos uma festa inesquecível?.Preparem-se para aquecer junto com @AlanzimCoreano @NuzioMedeiros @Jotave_of e várias surpresas.. . Aquece Fortaleza, 15 de março Vendas: https://outgo.com.br/aquece Informações: (85) 99691-0824 Colosso - Fortaleza/CE .@r10producoes_@acerteiproducoes@1beat.agencia#fortaleza #colosso #aquece;Aquece Fortaleza;Colosso - Fortaleza/CE;Alanzin Coreano, Nuzio Medeiros e Jotavê;15/03/24;-;https://outgo.com.br/aquece
1;Vendas ABERTAS! ?Não perca tempo e já garanta sua entrada. Vai ser Fogo e Gasolina esse encontro inesquecível do trio @henriqueejuliano e @nattan em Fortaleza, no Colosso Stage. ?Ingressos: www.limitezero.art.br;Fogo e Gasolina;Colosso Stage;Henrique e Juliano e Nattan;-;-;www.limitezero.art.br
2;Playa Cumbuco - Semana Santa 2024VENDAS NO LINK DA BIO!Mais informações no direct.;Playa Cumbuco - Semana Santa 2024;Cumbuco;-;-;-;-
3;Dia 06.04, o @praiow vai ser palco de apresentações de tirar o fôlego! ?@mazmusic, @matheusmeca e @mojjo vão desembarcar em Fortaleza e o encontro à beira mar promete! Já garantiu sua entrada? Corre que ainda dá tempo… www.praiow.com.br;Praiow;Fortaleza;Maz Music, Matheus Meca e Mojjo;06/04/24;-;www.praiow.com.br
4;Vendas a todo vapor! Corre logo no site Efolia e garanta seu ingresso antes que acabe, pois dia 23 de Março todos os caminhos te levarão ao @Kukukaya, vamos ter o encontro de milhões de Batista Lima e Lagosta Bronzeada. Link de vendas na Bio. #kukukaya #forrodasantigas #forropedeserra;-;Kukukaya;Batista Lima e Lagosta Bronzeada;23/03/24;-;https://www.efolia.com.br
5;SÃO ELES @guilhermeebenuto CONFIRMADO A 3º PARTICIPAÇÃO DO DVD DO HENRY!!!Dia 17.03 em Fortaleza/CE #TudoViraTerapia no DVD do Henry junto com @guilhermeebenuto! Prepara o coração que eles vem com tudo. #henryfreitas #guilhermeebenuto;DVD do Henry;Fortaleza/CE;@guilhermeebenuto;17/03/24;-;-
6;Vocês imaginam o que essa turma tá preparando para esse fds em Fortaleza? Preparem-se que oficialmente começamos nessa sexta com o AQUECE no Colosso ?.Vamos aquecer junto com @AlanzimCoreano @NuzioMedeiros @Jotave_of e várias surpresas.. . Aquece Fortaleza, 15 de março Vendas: https://outgo.com.br/aquece Informações: (85) 99691-0824 Colosso - Fortaleza/CE .@r10producoes_@acerteiproducoes@1beat.agencia#fortaleza #colosso #aquece;Aquece Fortaleza;Colosso - Fortaleza/CE;@AlanzimCoreano @NuzioMedeiros @Jotave_of e várias surpresas;15/03/24;-;https://outgo.com.br/aquece
7;Ei, Quixeramobim! Faltam 04 dias para o nosso encontro e o Rey das Vaquejadas @reyvaqueiro tem um convite especial para este sábado na casa de shows Arreio de Prata! Pontos de venda: Online - Virtual Ticket: www.virtualticket.com.br/eventos/a-mais-romantica-e-o-rey Venda Física: Quixeramobim: Divino 88 e Casa do Bebê • Quixadá: Tella • São Miguel: José Amâncio Mercantil #SeuDesejo #Ceará #ReyVaqueiro #Quixeramobim #AMaisRomântica #ClaudioNeyEJuliana #ÉoRey;A Mais Romântica e o Rey;Arreio de Prata;Rey Vaqueiro;-;-;www.virtualticket.com.br/eventos/a-mais-romantica-e-o-rey
8;Essa vai ser a estréia do Henry Freitas no palco do Playa! E já estamos animados para aproveitar esse show com vocês..Os ventos nos levam para um novo destino. 28, 29 e 30 de Março.Cumbuco - CEIngressos disponíveis (Link na Bio)Mais informações no direct;Playa;Cumbuco;Henry Freitas;;;
9;É AMANHÃ a VIRADA DE LOTE Lote atual encerra amanhã, quarta -feira, 13 de março. Corre e garanta já seu ingresso para o GAROTA VIP FORTALEZA! A partir de quinta-feira, 14 de março novos valores! Garanta seu ingresso: PONTOS FÍSICOS: RANCHO DO POÇO:(R. Oscar Benevides, 90 - Mondubim, Fortaleza-CE)LOJAS PONTO DA MODA:MARACANAÚ(End.: R. Dezesseis, 331 - Jereissati I, Maracanaú - CE, 61900-230)SHOPPING EUSÉBIO(End.: E040 ?, Av. Eusébio de Queiroz, 1890 - Loja 10 - Tamatanduba, Eusébio - CE)CENTRO(End. R. Guilherme Rocha, 203 - Centro)SHOPPING RIO MAR KENNEDY (End.: Av. Sgt. Hermínio Sampaio, 3100 - Pres. Kennedy, Fortaleza - CE) MESSEJANA (Av. Frei Cirilo, 172 - Messejana, Fortaleza - CE)NORTH SHOPPING JÓQUEI (Av. Lineu Machado, 419 - Jóquei Clube, Fortaleza - CE)Venda on-line: https://www.virtualticket.com.br/eventos/garota-vip-fortaleza-2024#GarotaVip #Fortaleza #Ceará #SaveTheDate #SóOsFortesEntendem #WesleySafadão #CamaroteShows #LuanSantana #LeoSantana #MarieRayane;GAROTA VIP FORTALEZA;;Wesley Safadão, Luan Santana, Leo Santana, Marie Rayane;14/03/24;-;https://www.virtualticket.com.br/eventos/garota-vip-fortaleza-2024#GarotaVip
10;Amanhã, dia 13 de março General vai parar com essa super festa em comemoração aos 67 anos do município!! Essa tá imperdível pra quem curte aquele forró de qualidade, por que vai ter @zecantor , @tatygirl e @galiciacruzz ! É Amanhã, 13 de março, na Praça José Firmo Aguiar, a partir das 22h.Você não vai querer perder essa! #GeneralSampaio #TatyGirl #ZeCantor #Galícia #General67anos;Super Festa dos 67 anos do município;Praça José Firmo Aguiar;@zecantor, @tatygirl, @galiciacruzz;13/03/24;-;-
11;FORTALEZA! Ainda dá tempo! Os últimos ingressos para o show imperdível de Tarja e Marko Hietala em Fortaleza ainda estão disponíveis! Não perca tempo e garanta o seu lugar para essa experiência única. Corra e compre já, antes que esgote! Link na bio. Crédito vídeo: @toplinkmusic#ShowFortaleza #Taja #MarkoHietala #Ingressos;Show de Tarja e Marko Hietala em Fortaleza;Fortaleza;Tarja e Marko Hietala;-;-;-
12;Quem sabe fazer resenha melhor que eles? Ninguém no Brasil! Nossa line completa e dividida por dia chegou. E amanhã a partir das 12h você poderá garantir seu ingresso avulso para curtir qualquer dia do feriadão com a gente em Cumbuco..Os ventos nos levam para um novo destino. 28, 29 e 30 de Março.Cumbuco - CEIngressos disponíveis (LINK NA BIO);-;Cumbuco - CE;-;28/03/2024 a 30/03/2024;-;-
13;O trio mais apocalíptico de todos vai chegar em FORTALEZA! @henriqueejuliano e @nattan prometem uma noite com muito FOGO E GASOLINA ? dia 18 de maio no Colosso Stage. Aguardem mais informações e avisem os amigos! Vendas em breve!;-;Colosso Stage;Henrique e Juliano e Nattan;18/05/24;-;-
14;PE DRO SAM PA IOOO ?A primeira participação do DVD do Henry tá confirmada: Pedro Sampaio! Dia 17 de março Tudo Vira Terapia em Fortaleza Tudo Vira Terapia DVD Henry Freitas 17 de Março Colosso - Fortaleza/CE https://brasilticket.com.br/gravacao-do-dvd-tudo-vira-terapia-henry-freitas.html;Tudo Vira Terapia;Colosso - Fortaleza/CE;Pedro Sampaio;17/03/24;-;https://brasilticket.com.br/gravacao-do-dvd-tudo-vira-terapia-henry-freitas.html
15;Que ENCONTRO O FENÔMENO E O ORIGINAL@nattan e @zevaqueiro Só vem SSVALE 2024O maior evento do interior do Ceará!No @zoadashows em Limoeiro;ENCONTRO O FENÔMENO E O ORIGINAL;@zoadashows em Limoeiro;nattan e zevaqueiro;22/04/2024;-;-
16;Faltam 10 dias para a noite mais esperada, Desejeiros! A Gravação do DVD 'Nosso Tempo é Agora', do @seudesejo! Viveremos uma experiência inesquecível conectando sentimentos com Yara Tchê e Alessandro dia 09 de Março no Marina Park em Fortaleza. Um espetáculo jamais visto com as participações especiais de: Wesley Safadão, Walkyria Santos e Taty Girl. Pontos de venda: Online - Virtual Ticket: https://www.virtualticket.com.br/eventos/gravacao-dvd-seu-desejo-fortaleza Venda Física: Rancho do Poço,Lojas Ponto Da Moda (North Shopping Jóquei, RioMar Kennedy, Messejana, Centro [loja central] e Shopping Eusébio) @seudesejo | @camaroteshows | @betvip #SeuDesejo #CamaroteShows #Fortaleza #NossoTempoEAgora #YaraTchê #AlessandroCosta;Gravação do DVD 'Nosso Tempo é Agora';Marina Park em Fortaleza;Yara Tchê e Alessandro com participações de Wesley Safadão, Walkyria Santos e Taty Girl;09/03/24;-;https://www.virtualticket.com.br/eventos/gravacao-dvd-seu-desejo-fortaleza
17;É a terapia 1000% chegando em Chorozinho! Vocês pediram e a gente atendeu, o fenômeno @henryfreitas tá vindo com tudo para celebrar os 37 anos da nossa cidade. #Chorozinho37anos #CelebrandoConquistas @gov.municipaldechorozinho @dr.juniorprefeito;Terapia 1000%;Chorozinho;@henryfreitas;-;-;-
18;Contando cada minuto pra curtir com as melhores atrações no @garotavip Fortaleza. Dia 27 de abril eles estão chegando com tudoooo!!! Nosso líder @wesleysafadao e mais…@leosantana, @luansantana e @marierayaneoficial. #GarotaVip #Fortaleza #Ceará #SaveTheDate #SóOsFortesEntendem #WesleySafadão #CamaroteShows #LuanSantana #LeoSanta na #MarieRayane;Garota Vip Fortaleza;-;Wesley Safadão, Luan Santana, Leo Santana, Marie Rayane;27/04/24;-;-
19;Hoje tem virada de lote! Última chance de garantir seu pass promocional. Acesse o site da Ingresse agora..Os ventos nos levam para um novo destino. 28, 29 e 30 de Março.Cumbuco - CEIngressos disponíveis (LINK NA BIO);;;;;;
20;Marque os amigos e avisa que 06 de abril Fortaleza vai CANTAR AS ANTIGAS com @sorrisomaroto ? .@sorrisoasantigas 06.04.2024 Marina Park .VENDAS.: site/app @ingresse ou nas lojas Skyler dos shoppings Parangaba | Rio mar Kennedy | Iguatemi #SorrisoAsAntigasFortaleza;CANTAR AS ANTIGAS;Marina Park;@sorrisomaroto ?;06/04/24;-;-
21;2024 começou, oficialmente! E, com ele, O Último Encontro do Só Pra Contrariar! Já garantiu o seu lugar pra matar a saudade? Te esperamos no @spcacustico! SPC Acústico 2 - O Último Encontro - 10/05, em Fortaleza, no Centro de Eventos Ceará Ingressos disponíveis no link da BIO ou em spcacustico.com.br#SPCAcústico #SPC #SóPraContrariar #R2comSPC;SPC Acústico 2 - O Último Encontro;Centro de Eventos Ceará;Só Pra Contrariar;10/05/2024;-;spcacustico.com.br
22;Temos muito orgulho de receber ele mais uma vez no nosso palco!.Nossa atração surpresa é exatamente quem vocês queriam! Vai ter @nattan no Playa Cumbuco. Vai garantir seu ingresso agora que a resenha ta de volta..Os ventos nos levam para um novo destino. 28, 29 e 30 de Março.Cumbuco - CEIngressos disponíveis (Link na Bio);Resenha no Playa Cumbuco;Cumbuco - CE;Nattan;28/03/2024 a 30/03/2024;-;-
23;Preparem-se para uma noite inesquecível, Fortaleza! Dia 09 de Março temos um encontro marcado no Marina Park para a gravação do DVD 'Nosso Tempo é Agora' da Mais Romântica do Brasil @desejodemenina com as participações especiais de @wesleysafadao, @walkyriasantos e @tatygirl! Pontos de venda:Online - Virtual Ticket: https://www.virtualticket.com.br/eventos/gravacao-dvd-desejo-de-menina-fortalezaVenda Física: Rancho do Poço,Lojas Ponto Da Moda (North Shopping Jóquei, RioMar Kennedy, Messejana, Centro [loja central] e Shopping Eusébio)@desejodemenina | @camaroteshows | @betvip#DesejoDeMenina #CamaroteShows #Fortaleza #NossoTempoEAgora #YaraTchê #AlessandroCosta;Gravação do DVD 'Nosso Tempo é Agora' da Mais Romântica do Brasil;Marina Park;Desejo de Menina com participações de Wesley Safadão, Walkyria Santos e Taty Girl;09/03/24;-;https://www.virtualticket.com.br/eventos/gravacao-dvd-desejo-de-menina-fortaleza
24;A lista de grandes nomes da música brasileira que irão subir ao nosso palco só aumenta! Comenta aqui qual artista você quer ver no Iguatemi Hall. #IguatemiHall #Shows #ShowsemFortaleza #Fortaleza;-;Fortaleza;-;-;-;-
25;Feriadão da Semana Santa, 28, 29 e 30 de Março, na praia de Cumbuco. Esperamos por você lá para pegar um sol e aproveitar tudo que o Playa oferece. #PlayaCumbuco #Playa2024- VENDAS LIBERADAS, LINK NA BIO;Feriadão da Semana Santa;praia de Cumbuco;-;28/03/2024 a 30/03/2024;-;-
26;Não perca a última chance de viver o maior Buteco do Brasil ? Adquira já o seu ingresso do Buteco Despedida: Fortaleza, através do, @BaladAPP e garanta em até 8X no cartão. Abre o portão que eu cheguei! A venda online é EXCLUSIVA do @BaladAPP (aplicativo ou baladapp.com.br), acesse já: (https://baladapp.com.br/a/butecofortaleza2024/4742) PONTOS DE VENDA FÍSICO:After Tickets - RioMar Fortaleza.Seu Domingo Quintal (North Shopping Joquei) Parcele em até 3x sem juros FRONTSTAGE - Acesso à frente do palco- Praça de alimentação- Bares exclusivos- Banheiros Exclusivos- Posto Médico- Não tem open bar SETOR EMBAIXADOR - Acesso à frente do palco- Bares exclusivos- Banheiros exclusivos- Praça de alimentação- Open bar (Whisky, Vodka, Gin, Cerveja, Vermelhão, água, Refrigerante e água tônica)- Posto Médico ÁREA VIP - Praça de alimentação- Bares exclusivos- Banheiros Exclusivos- Posto Médico- Não tem open bar OBS: Vendas de suítes somente no contato (85) 99631-1308 CADU SUÍTES - Estrutura elevada- Decoração especial- Acesso à frente do palco- Praça de Alimentação- Bares exclusivos- Banheiros exclusivos climatizados- Open Bar (Whisky, Vodka, Gin, Cerveja, água, Vermelhão, Refrigerante e água tônica)- Posto Médico CLASSIFICAÇÃO DO EVENTO: 18+ #Butecodespedida # OEmbaixador #Fortaleza;Buteco Despedida;Fortaleza;-;-;-;https://baladapp.com.br/a/butecofortaleza2024/4742
27;Vai ter FORRÓ DE VERDADE na cidade sim!!! Algumas das melhores bandas de forró da história, juntas, em um único propósito: TE FAZER SENTIR A ENERGIA DE UM FORRÓ DE VERDADE! Zé Cantor, Toca do Vale, Junior Vianna e Forró Real te esperam no dia 23 de Março, no Estacionamento da Cidade Mix!! Preparados para amanhecer o dia no forró? #CidadeMix #Forró #Festa #Show;FORRÓ DE VERDADE;Estacionamento da Cidade Mix;Zé Cantor, Toca do Vale, Junior Vianna e Forró Real;23/03/24;-;-
28;Pense que esse Kukukaya vem mais uma vez com tudo!! Batista Lima e Lagosta Bronzeada dia 23 (sábado) de Março estão prometendo um verdadeiro espetáculo. Bora? Corre logo e compra seu ingresso pra não ficar de fora. Vendas pelo site Efolia. #kukukaya #forrodasantigas #forropedeserra;Kukukaya com Batista Lima e Lagosta Bronzeada;-;Batista Lima e Lagosta Bronzeada;23/03/24;-;https://www.efolia.com.br
29;DEMOREI MUITO PRA TE ENCONTRAR, AGORA QUERO SÓ VOCÊ! Ele vem aí! Dia 6 de abril, um dos cantores mais românticos do Brasil desembarca em Fortaleza: FÁBIO JR!Confira os ingressos e mesas disponíveis no site bilheteriavirtual.com.br. Link na nossa bio.#IguatemiHall #FábioJr #Show #Fortaleza;FÁBIO JR;IguatemiHall;Fábio Jr;06/04/24;-;bilheteriavirtual.com.br
30;"Alô, Fortaleza! Avisa que o líder @wesleysafadao é participação confirmada no DVD ""Nosso Tempo é Agora!"" da Mais Romântica do Brasil"" Estamos prontos, preparados e querendo esse momento dia 09 de março no Marina Park!Pontos de venda:Online - Virtual Ticket: https://www.virtualticket.com.br/eventos/gravacao-dvd-desejo-de-menina-fortalezaVenda Física: Rancho do Poço,Lojas Ponto Da Moda (North Shopping Jóquei, RioMar Kennedy, Messejana, Centro [loja central] e Shopping Eusébio)@desejodemenina | @camaroteshows | @betvip";DVD Nosso Tempo é Agora!;Marina Park;@wesleysafadao;09/03/24;-;https://www.virtualticket.com.br/eventos/gravacao-dvd-desejo-de-menina-fortaleza
31;TUDO VIRA TERAPIA Alô Fortaleza/CE, preparem-se para receber o 1º DVD da carreira do Henry Freitas Dia 17 de março, no Colosso, escreveremos mais um capítulo na história do artista que vem conquistando o Brasil Mais informações em breve!;TUDO VIRA TERAPIA;Colosso;Henry Freitas;17/03/24;-;-
32;Os bons ventos nos levam para um novo destino. Cumbuco, no Ceará é uma praia conhecida pelos ventos e pelos esportes. Perfeito para receber uma edição inesquecível do Playa!Vamos desembarcar nesta nova praia com toda a energia, vibe e resenha que só o Playa sabe criar. Nosso encontro é no feriadão da Semana Santa, 28, 29 e 30 de Março, na praia de Cumbuco. Esperamos por você lá para pegar um sol e aproveitar tudo que o Playa oferece. #PlayaCumbuco #Playa2024 Vendas INICIADAS.LINK NA BIO;Playa;Cumbuco, Ceará;-;28/03/2024 a 30/03/2024;-;-
33;O Carnaval Paracuru Folia 2024 será uma experiência completa para toda a família! Serão quatro dias de muita diversão com as melhores bandas, começamos no dia 10 e vamos até o dia 13 de fevereiro.Com carnaval infantil e da melhor idade na praça da Matriz, mela mela na praça do farol e um shows inesquecíveis à noite. Preparem-se para dias inesquecíveis de pura diversão, música boa e, claro, aquele clima contagiante de Carnaval. Vamos juntos fazer desta festa um marco em nossas memórias!A segurança que é a nossa prioridade em cada celebração, garantindo momentos de alegria para toda a família.Não perca essa folia que vai marcar novamente entrar pra história!Prefeitura de Paracuru, Governando com o Povo#ParacuruFolia#Carnaval2024 #DiversaoComSeguranca;Carnaval Paracuru Folia 2024;-;-;10/02/2024 a 13/02/2024;-;-
34;Neste domingo, a diversão está garantida no @butecomaraponga !Dia de curtir aquele pagode ao som de @leopagode90 e @soufhaoficial_ ! E as promoções? Temos open bar de Budweiser por só R$ 39,90 e 1 litro de caipirinha por R$ 12,90. Chame a galera e venha curtir conosco!;Pagode no Buteco;Buteco Maraponga;Leopagode90 e Soufhaoficial_;-;-;-
35;09/06 - Anavitoria e Nando Reis (Iguatemi Hall).Ingressos: Site bilheteria virtual, link: https://www.bilheteriavirtual.com.br/evento/3257/ANAVIT0RIA_&_NAND0_REIS..UTILIDADE PÚBLICA: Internet Brisanet Fibra 600MB com netflix inclusa por 109 mensais no link: https://tinyurl.com/37tmmw2t..Ative as notificações no instagram e siga o moderador da pagina @rpontofael;Anavitoria e Nando Reis;Iguatemi Hall;Anavitoria e Nando Reis;09/06/2024;-;https://www.bilheteriavirtual.com.br/evento/3257/ANAVIT0RIA_&_NAND0_REIS
36;19/04 - Matuê (Marina Park).Ingressos: site seu tickets, link: https://www.seutickets.com.br/eventos/festival-plantao-fortaleza..UTILIDADE PÚBLICA: Internet Brisanet Fibra 600MB com netflix inclusa por 109 mensais no link: https://tinyurl.com/37tmmw2t..Ative as notificações no instagram e siga o moderador da pagina @rpontofael;Festival Plantão Fortaleza;Marina Park;Matuê;19/04/2024;-;https://www.seutickets.com.br/eventos/festival-plantao-fortaleza
37;09/03 - Djavan (Centro de Eventos).Ingressos: site efolia, link: https://efolia.com.br/ingressos/2485/djavan_turne_d..UTILIDADE PÚBLICA: Internet Brisanet Fibra 600MB com netflix inclusa por 109 mensais no link: https://tinyurl.com/37tmmw2t..Ative as notificações no instagram e siga o moderador da pagina @rpontofael;Djavan Turnê;Centro de Eventos;Djavan;09/03/2024;-;https://efolia.com.br/ingressos/2485/djavan_turne_d
38;13/07 - Restart (Sana).Ingressos: inicio dia 5 de março no site sympla..UTILIDADE PÚBLICA: Internet Brisanet Fibra 600MB com netflix inclusa por 109 mensais no link: https://tinyurl.com/37tmmw2t..Ative as notificações no instagram e siga o moderador da pagina @rpontofael;Sana;-;Restart;13/07/2024;-;https://tinyurl.com/37tmmw2t
39;05/05 - Gloria (Hard Noise).Ingressos: site articles, link: https://articket.com.br/e/1741/gloria-em-fortaleza..UTILIDADE PÚBLICA: Internet Brisanet Fibra 600MB com netflix inclusa por 109 mensais no link: https://tinyurl.com/37tmmw2t..Ative as notificações no instagram e siga o moderador da pagina @rpontofael;Gloria (Hard Noise);-;Gloria;05/05/2024;-;https://articket.com.br/e/1741/gloria-em-fortaleza
40;14/09 - Humberto Gessinger (Praça Verde).Ingressos: site bilheteria virtual, link: https://bilheteriavirtual.com.br/Pista R$ 100,00 (meia) / R$ 200,00 (inteira)Frontstage R$ 120,00 (meia) / R$ 240,00 (inteira)..UTILIDADE PÚBLICA: Internet Brisanet Fibra 600MB com netflix inclusa por 109 mensais no link: https://tinyurl.com/37tmmw2t..Ative as notificações no instagram e siga o moderador da pagina @rpontofael;Humberto Gessinger;Praça Verde;-;14/09/2024;"Pista (meia): 100; Pista (inteira): 200; Frontstage (meia): 120; Frontstage (inteira): 240";https://bilheteriavirtual.com.br
41;03/08 - Forfun (Arena Iguatemi).Ingressos: Site Eventim, link: https://www.eventim.com.br/event/forfun-arena-iguatemi-18145830/..UTILIDADE PÚBLICA: Internet Brisanet Fibra 600MB com netflix inclusa por 109 mensais no link: https://tinyurl.com/37tmmw2t..Ative as notificações no instagram e siga o moderador da pagina @rpontofael;Forfun;Arena Iguatemi;Forfun;03/08/2024;-;https://www.eventim.com.br/event/forfun-arena-iguatemi-18145830/
42;20/04 - Barao Vermelho (Estacionamento Rio Mar).Ingressos: Site Bilheteria Digital, link: https://www.bilheteriadigital.com/paulo-ricardo-e-barao-vermelho-fortaleza-09-de-marco.Postando de novo porque mudou o dia.UTILIDADE PÚBLICA: Internet Brisanet Fibra 600MB com netflix inclusa por 109 mensais no link: https://tinyurl.com/37tmmw2t..Ative as notificações no instagram e siga o moderador da pagina @rpontofael;Barao Vermelho;Estacionamento Rio Mar;Barao Vermelho;20/04/2024;-;https://www.bilheteriadigital.com/paulo-ricardo-e-barao-vermelho-fortaleza-09-de-marco
43;20/04 - Paulo Ricardo (Estacionamento Rio Mar).Ingressos: Site Bilheteria Digital, link: https://www.bilheteriadigital.com/paulo-ricardo-e-barao-vermelho-fortaleza-09-de-marco.Postando de novo porque mudou o dia.UTILIDADE PÚBLICA: Internet Brisanet Fibra 600MB com netflix inclusa por 109 mensais no link: https://tinyurl.com/37tmmw2t..Ative as notificações no instagram e siga o moderador da pagina @rpontofael;Paulo Ricardo e Barão Vermelho;Estacionamento Rio Mar;Paulo Ricardo;09/03/24;-;https://www.bilheteriadigital.com/paulo-ricardo-e-barao-vermelho-fortaleza-09-de-marco
44;13/02 - Zeca Baleiro (Aterrinho da Praia de Iracema).Ingressos: Gratuito. Carnaval de FortalezaPROGRAMAÇÃO DO DIA:* DJ Kinas* Bloco Mambembe* Zeca Baleiro* Maria Rita..UTILIDADE PÚBLICA: Internet Brisanet Fibra 600MB com netflix inclusa por 109 mensais no link: https://tinyurl.com/37tmmw2t..Ative as notificações no instagram e siga o moderador da pagina @rpontofael;Carnaval de Fortaleza;Aterrinho da Praia de Iracema;Zeca Baleiro;13/02/2024;Gratuito;-
45;13/02 - Maria Rita (Aterrinho da Praia de Iracema).Ingressos: Gratuito. Carnaval de FortalezaPROGRAMAÇÃO DO DIA:* DJ Kinas* Bloco Mambembe* Zeca Baleiro* Maria Rita..UTILIDADE PÚBLICA: Internet Brisanet Fibra 600MB com netflix inclusa por 109 mensais no link: https://tinyurl.com/37tmmw2t..Ative as notificações no instagram e siga o moderador da pagina @rpontofael;Carnaval de Fortaleza;Aterrinho da Praia de Iracema;Maria Rita;13/02/2024;Gratuito;-
46;12/02 - Solange Almeida (Aterrinho da Praia de Iracema).Ingressos: Gratuito. Carnaval de FortalezaPROGRAMAÇÃO DO DIA:* DJ Silas* Banda Os Transacionais* Solange Almeida* Criolo..UTILIDADE PÚBLICA: Internet Brisanet Fibra 600MB com netflix inclusa por 109 mensais no link: https://tinyurl.com/37tmmw2t..Ative as notificações no instagram e siga o moderador da pagina @rpontofael;Carnaval de Fortaleza;Aterrinho da Praia de Iracema;Solange Almeida;12/02/2024;Gratuito;-
47;12/02 - Criolo (Aterrinho da Praia de Iracema).Ingressos: Gratuito. Carnaval de FortalezaPROGRAMAÇÃO DO DIA:* DJ Silas* Banda Os Transacionais* Solange Almeida* Criolo..UTILIDADE PÚBLICA: Internet Brisanet Fibra 600MB com netflix inclusa por 109 mensais no link: https://tinyurl.com/37tmmw2t..Ative as notificações no instagram e siga o moderador da pagina @rpontofael;Carnaval de Fortaleza;Aterrinho da Praia de Iracema;Criolo;12/02/2024;Gratuito;-
48;11/02 - Diogo Nogueira (Aterrinho da Praia de Iracema).Ingressos: Gratuito. Carnaval de FortalezaPROGRAMACAO DO DIA:* DJ Fish Vinil* DTF Elétrico* Diogo Nogueira* Alanzim Coreano ..UTILIDADE PÚBLICA: Internet Brisanet Fibra 600MB com netflix inclusa por 109 mensais no link: https://tinyurl.com/37tmmw2t..Ative as notificações no instagram e siga o moderador da pagina @rpontofael;Carnaval de Fortaleza;Aterrinho da Praia de Iracema;Diogo Nogueira;11/02/2024;Gratuito;-
49;27/01 - Araketu (Aterrinho da Praia de Iracema).Ingressos: Pre-carnaval de FortalezaPROGRAMAÇÃO DO DIA 27/01BENFICADJ Cleyton Almeida/Diana Franco/Banda Feed Semana/Bloco MambembePARQUE RACHEL DE QUEIROZBanda Fortaleza Folia / Johnny LimaPRAÇA DO FERREIRABloco Concentra Mas Não Sai e convidadosLARGO DA MOCINHABloco Num Ispaia Sinão IencheMERCADO DOS PINHÕESDJ Adrian Brasil/Banda Manga Rosa/Shirlene Aguiar..UTILIDADE PÚBLICA: Internet Brisanet Fibra 600MB com netflix inclusa por 109 mensais no link: https://tinyurl.com/37tmmw2t..Ative as notificações no instagram e siga o moderador da pagina @rpontofae l;Pre-carnaval de Fortaleza;Aterrinho da Praia de Iracema;Araketu;27/01/2024;-;-
50;03/02 - Silva (Aterrinho da Praia de Iracema).Ingressos: Pre-carnaval de FortalezaPROGRAMAÇAO DO DIA 03/02:MERCADO DOS PINHÕESBanda Os TransacionaisLARGO DA MOCINHABloco Num Ispaia Sinão IencheATERRINHO DA PRAIA DE IRACEMAAda Porã / SilvaBENFICADJ Fish Vinil e Micaela Gomes..UTILIDADE PÚBLICA: Internet Brisanet Fibra 600MB com netflix inclusa por 109 mensais no link: https://tinyurl.com/37tmmw2t..Ative as notificações no instagram e siga o moderador da pagina @rpontofael;Pre-carnaval de Fortaleza;Aterrinho da Praia de Iracema;Silva;03/02/2024;-;-
51;27/01 - CPM22 (Centro de Eventos).Ingressos: site Sympla. Link:https://www.sympla.com.br/evento/cpm-22-no-centro-de-eventos/2172767.600MB de internet fibra + Netflix por 110 reais, assine brisanet no link:https://tinyurl.com/3vctt7e7.Ative as notificações no instagram e siga o moderador da pagina @rpontofael;;;;;;
52;"13/01 - Roberta Sá (Aterrinho da Praia de Iracema).Ingressos: gratuito, pre carnaval de FortalezaPROGRAMACAO:Sexta-feira (12/01)Praça do Ferreira
17h30 - Luxo da Aldeia
20h - Olodum
Centro Cultural Belchior
17h - Armando Telles e BandaSábado (13/01)Praça do Ferreira
18h - Bloco Concentra Mas Não Sai
20h - Calé AlencarMercado dos Pinhões
17h - Diana Franco
18h40 - Malbeck Show
20h20 - Bloco De ladinho é Mais GostosoMocinha
18h - Bloco Num Ispaia Sinão LenchePraia de Iracema (Aterrinho)
16h30 - Desfile de baterias
Camaleões do Vila, Baqueta Clube de Ritmistas, Unidos da Cachorra
18h - DJ Gomes Smith
19h - Deborah Lima
21h- Roberta SáBenfica (Praça João Gentil)
17h - Lorena Lyse e Banda
18h40 - Gabriela Mendes
20h20 - Grupo DTF ElétricoParque Rachel de Queiroz
18h - Banda Feed Semana
20h10 - Negro Nill e BandaDomingo (14/01)Benfica (Praça João Gentil)
13h - Pingo de Fortaleza
14h40 - Banda Couros e Metais
16h20 - Banda Manga Rosa
18h - Jean Dumont e BandaEspigão do Náutico - Pôr do Sol
17h - Di Ferreira e Banda
19h10 - Marina CavalcantePROGRAMAÇÃO INFANTILParque Rachel de Queiroz
16h - Banda Dragaxé Raiz do Poço
18h10 - Tia SamilaPasseio Público
9h - Charanga Tio Marcão e Banda
10h40 - Pacote de BiscoitoRaimundo do Queijo
10h - Bárbara Sena e Banda
12h10 - Bloco A Turma do Mamão
14h20 - Mel Matos..UTILIDADE PÚBLICA: Internet Brisanet Fibra 600MB com netflix inclusa por 109 mensais no link: https://tinyurl.com/37tmmw2t..Ative as notificações no instagram e siga o moderador da pagina @rpontofael";Pre Carnaval de Fortaleza;Aterrinho da Praia de Iracema;Roberta Sá;13/01/24;gratuito;-
53;13/04 - Jão (Colosso).Ingressos: site eventim, link: https://abre.ai/hQXN..UTILIDADE PÚBLICA: Internet Brisanet Fibra 600MB com netflix inclusa por 109 mensais no link: https://tinyurl.com/37tmmw2t..Ative as notificações no instagram e siga o moderador da pagina @rpontofael;Jão;Colosso;Jão;13/04/2024;-;https://abre.ai/hQXN
54;27/01 - Laugum (Auê).Ingressos: Ingresso digital link https://ingressodigital.com/evento/10244/Lagum__Tour_2024..UTILIDADE PÚBLICA: Internet Brisanet Fibra 600MB com netflix inclusa por 109 mensais no link: https://tinyurl.com/37tmmw2t..Ative as notificações no instagram e siga o moderador da pagina @rpontofael;Auê;-;Laugum (Auê);27/01/2024;-;https://ingressodigital.com/evento/10244/Lagum__Tour_2024
55;20/04 - Djonga (Marina Park).Ingressos: site seu tickets, link: https://www.seutickets.com.br/eventos/festival-plantao-fortaleza..UTILIDADE PÚBLICA: Internet Brisanet Fibra 600MB com netflix inclusa por 109 mensais no link: https://tinyurl.com/37tmmw2t..Ative as notificações no instagram e siga o moderador da pagina @rpontofael;Festival Plantão Fortaleza;Marina Park;Djonga;20/04/2024;-;https://www.seutickets.com.br/eventos/festival-plantao-fortaleza
56;O lote vira HOJE, Quixeramobim! Últimas horas para garantir o seu ingresso, no valor atual, pra curtir @seudesejo, @reyvaqueiro e @claudioneyejuliana dia 16 de março na casa de shows Arreio de Prata!Pontos de venda: Online - Virtual Ticket: www.virtualticket.com.br/eventos/a-mais-romantica-e-o-rey Venda Física: Quixeramobim: Divino 88 e Casa do Bebê • Quixadá: Tella • São Miguel: José Amâncio Mercantil #SeuDesejo #Ceará #ReyVaqueiro #Quixeramobim #AMaisRomântica #ClaudioNeyEJuliana #ÉoRey;A Mais Romântica e o Rey;Arreio de Prata;@seudesejo, @reyvaqueiro e @claudioneyejuliana;16/03/24;-;www.virtualticket.com.br/eventos/a-mais-romantica-e-o-rey
57;Vocês pediram, nós atendemos! Roupa Nova, com sua turnê 40 anos de sucesso, chega a Fortaleza.09 de AgostoLocal: Centro de EventosAdquira o seu ingresso :www.grafcarlos.comÓticas Diniz (Iguatemi e North Shop. Bezerrade Menezes)Início das vendas : 14.03, a partir das 12:00.;40 anos de sucesso com Roupa Nova;Centro de Eventos;Roupa Nova;09/08/24;-;www.grafcarlos.com
58;O repertório do @somdefaculdade é sempre inesquecível e estaremos juntos no @praiow, dia 23.03 para curtir uma noite especial! Garante seu ingresso e aproveite o lote atual! Falta pouco! www.praiow.com.br;Som de Faculdade;Praiow;-;23/03/24;-;www.praiow.com.br
59;Dia 18 de maio vai ser Fogo e Gasolina com o encontro do trio @henriqueejuliano e @nattan no Colosso Stage! ?70% dos ingressos já estão vendidos… CORRE enquanto há disponibilidade! www.limitezero.art.br;Fogo e Gasolina;Colosso Stage;@henriqueejuliano e @nattan;18/05/24;-;www.limitezero.art.br
60;O LOTE ESGOTA HOJE Fortaleza Aproveite as últimas horas de hoje, quarta -feira, 13 de março e garanta já seu ingresso para o @garotavip e curta o Festival mais amado do Brasil! Amanhã, quinta-feira, 14 de março novos valores! Garanta seu ingresso: PONTOS FÍSICOS: RANCHO DO POÇO:(R. Oscar Benevides, 90 - Mondubim, Fortaleza-CE)LOJAS PONTO DA MODA:MARACANAÚ(End.: R. Dezesseis, 331 - Jereissati I, Maracanaú - CE, 61900-230)SHOPPING EUSÉBIO(End.: E040 ?, Av. Eusébio de Queiroz, 1890 - Loja 10 - Tamatanduba, Eusébio - CE)CENTRO(End. R. Guilherme Rocha, 203 - Centro)SHOPPING RIO MAR KENNEDY (End.: Av. Sgt. Hermínio Sampaio, 3100 - Pres. Kennedy, Fortaleza - CE) MESSEJANA (Av. Frei Cirilo, 172 - Messejana, Fortaleza - CE)NORTH SHOPPING JÓQUEI (Av. Lineu Machado, 419 - Jóquei Clube, Fortaleza - CE)Venda on-line: https://www.virtualticket.com.br/eventos/garota-vip-fortaleza-2024#GarotaVip #Fortaleza #Ceará #SaveTheDate #SóOsFortesEntendem #WesleySafadão #CamaroteShows #LuanSantana #LeoSantana #MarieRayane;Garota VIP Fortaleza;-;Wesley Safadão, Luan Santana, Leo Santana, Marie Rayane;14/03/24;-;https://www.virtualticket.com.br/eventos/garota-vip-fortaleza-2024
61;ATENÇÃO, ATENÇÃO SÁBADO TEM VIRADA DE LOTEFERIADÃO EM LIMOEIRO _O FENÔMENO E O ORIGINAL_@nattan e @zevaqueiro Só vem _SSVALE 2024_O maior evento do interior do Ceará!Sábado de Aleluia, 30 de março No @zoadashows em Limoeiro!Que pancada de encontro Vendas online: brasilticket.com.br;VIRADA DE LOTEFERIADÃO;Limoeiro;Nattan e Zé Vaqueiro;30/03/24;-;brasilticket.com.br
62;Faltam 10 dias para vivermos o MELHOR do forró! Zé Cantor, Toca do Vale, Junior Vianna e Forró Real te esperam dia 23 de março, no estacionamento do Cidade Mix. Pontos de venda - On-line: https://brasilticket.com.br/cidade-mix-forro-de-verdade.html- ?Vendas físicas: Barzim da Maraponga, Carneiro Prime e Óticas Diniz. #CidadeMix #Forró #Forródeverdade;Cidade Mix - Forró de Verdade;Estacionamento do Cidade Mix;Zé Cantor, Toca do Vale, Junior Vianna e Forró Real;23/03/24;-;https://brasilticket.com.br/cidade-mix-forro-de-verdade.html
63;É só até amanhã, Quixeramobim! ? Corra e garanta já o seu ingresso, no valor atual, pra curtir @seudesejo, @reyvaqueiro e @claudioneyejuliana dia 16 de março na casa de shows Arreio de Prata! Pontos de venda: Online - Virtual Ticket: www.virtualticket.com.br/eventos/a-mais-romantica-e-o-rey Venda Física: Quixeramobim: Divino 88 e Casa do Bebê • Quixadá: Tella • São Miguel: José Amâncio Mercantil #SeuDesejo #Ceará #ReyVaqueiro #Quixeramobim #AMaisRomântica #ClaudioNeyEJuliana #ÉoRey;A Mais Romântica e o Rey;Casa de shows Arreio de Prata;@seudesejo, @reyvaqueiro, @claudioneyejuliana;16/03/24;-;www.virtualticket.com.br/eventos/a-mais-romantica-e-o-rey
64;14/09 - Humberto Gessinger (Praça Verde).Ingressos: site bilheteria virtual, link: https://bilheteriavirtual.com.br/Pista R$ 100,00 (meia) / R$ 200,00 (inteira)Frontstage R$ 120,00 (meia) / R$ 240,00 (inteira)..UTILIDADE PÚBLICA: baixe o app RecargaPay e faça pix com cartão de crédito com a menor taxa do mercado e ganhe cashback com o código: rafpin394 Você pode clicar nesse link na bio: https://recargapay.com.br/r/rafpin394-mk...Ative as notificações no instagram e siga o moderador da pagina @rpontofael;Humberto Gessinger;Praça Verde;Humberto Gessinger;14/09/2024;Pista R$ 100,00 (meia) / R$ 200,00 (inteira), Frontstage R$ 120,00 (meia) / R$ 240,00 (inteira);https://bilheteriavirtual.com.br/
65;09/06 - Anavitoria e Nando Reis (Iguatemi Hall).Ingressos: Site bilheteria virtual, link: https://www.bilheteriavirtual.com.br/evento/3257/ANAVIT0RIA_&_NAND0_REIS..UTILIDADE PÚBLICA: baixe o app RecargaPay e faça pix com cartão de crédito com a menor taxa do mercado e ganhe cashback com o código: rafpin394 Você pode clicar nesse link na bio: https://recargapay.com.br/r/rafpin394-mk...Ative as notificações no instagram e siga o moderador da pagina @rpontofael;Anavitoria e Nando Reis;Iguatemi Hall;-;09/06/2024;-;https://www.bilheteriavirtual.com.br/evento/3257/ANAVIT0RIA_&_NAND0_REIS
66;19/04 - Matuê (Marina Park).Ingressos: site seu tickets, link: https://www.seutickets.com.br/eventos/festival-plantao-fortaleza..UTILIDADE PÚBLICA: baixe o app RecargaPay e faça pix com cartão de crédito com a menor taxa do mercado e ganhe cashback com o código: rafpin394 Você pode clicar nesse link na bio: https://recargapay.com.br/r/rafpin394-mk...Ative as notificações no instagram e siga o moderador da pagina @rpontofael;Festival Plantão Fortaleza;Marina Park;Matuê;19/04/2024;-;https://www.seutickets.com.br/eventos/festival-plantao-fortaleza
67;13/07 - Restart (Sana).Ingressos: inicio dia 5 de março no site sympla..UTILIDADE PÚBLICA: baixe o app RecargaPay e faça pix com cartão de crédito com a menor taxa do mercado e ganhe cashback com o código: rafpin394 https://recargapay.com.br/r/rafpin394-mk...Ative as notificações no instagram e siga o moderador da pagina @rpontofael;Restart;Sana;-;13/07/2024;-;https://sympla.com.br
68;05/05 - Gloria (Hard Noise).Ingressos: site articles, link: https://articket.com.br/e/1741/gloria-em-fortaleza..UTILIDADE PÚBLICA: baixe o app RecargaPay e faça pix com cartão de crédito com a menor taxa do mercado e ganhe cashback com o código: rafpin394 https://recargapay.com.br/r/rafpin394-mk..Ative as notificações no instagram e siga o moderador da pagina @rpontofael;Gloria (Hard Noise);-;-;05/05/2024;-;https://articket.com.br/e/1741/gloria-em-fortaleza
69;03/08 - Forfun (Arena Iguatemi).Ingressos: Site Eventim, link: https://www.eventim.com.br/event/forfun-arena-iguatemi-18145830/..UTILIDADE PÚBLICA: baixe o app RecargaPay e faça pix com cartão de crédito com a menor taxa do mercado e ganhe cashback com o código: rafpin394 https://recargapay.com.br/r/rafpin394-mk..Ative as notificações no instagram e siga o moderador da pagina @rpontofael;Forfun;Arena Iguatemi;Forfun;03/08/2024;-;https://www.eventim.com.br/event/forfun-arena-iguatemi-18145830/
70;20/04 - Barao Vermelho (Estacionamento Rio Mar).Ingressos: Site Bilheteria Digital, link: https://www.bilheteriadigital.com/paulo-ricardo-e-barao-vermelho-fortaleza-09-de-marco.Postando de novo porque mudou o dia.UTILIDADE PÚBLICA: baixe o app RecargaPay e faça pix com cartão de crédito com a menor taxa do mercado e ganhe cashback com o código: rafpin394 https://recargapay.com.br/r/rafpin394-mk..Ative as notificações no instagram e siga o moderador da pagina @rpontofael;Barao Vermelho;Estacionamento Rio Mar;Barao Vermelho;20/04/2024;-;https://www.bilheteriadigital.com/paulo-ricardo-e-barao-vermelho-fortaleza-09-de-marco
71;20/04 - Paulo Ricardo (Estacionamento Rio Mar).Ingressos: Site Bilheteria Digital, link: https://www.bilheteriadigital.com/paulo-ricardo-e-barao-vermelho-fortaleza-09-de-marco.Postando de novo porque mudou o dia.UTILIDADE PÚBLICA: baixe o app RecargaPay e faça pix com cartão de crédito com a menor taxa do mercado e ganhe cashback com o código: rafpin394 https://recargapay.com.br/r/rafpin394-mk..Ative as notificações no instagram e siga o moderador da pagina @rpontofael;Paulo Ricardo e Barão Vermelho;Estacionamento Rio Mar;Paulo Ricardo;20/04/2024;-;https://www.bilheteriadigital.com/paulo-ricardo-e-barao-vermelho-fortaleza-09-de-marco
72;13/02 - Zeca Baleiro (Aterrinho da Praia de Iracema).Ingressos: Gratuito. Carnaval de FortalezaPROGRAMAÇÃO DO DIA:* DJ Kinas* Bloco Mambembe* Zeca Baleiro* Maria Rita..UTILIDADE PÚBLICA: baixe o app RecargaPay e faça pix com cartão de crédito com a menor taxa do mercado e ganhe cashback com o código: rafpin394 Você pode clicar nesse link na bio: https://recargapay.com.br/r/rafpin394-mk..Ative as notificações no instagram e siga o moderador da pagina @rpontofael;Carnaval de Fortaleza;Aterrinho da Praia de Iracema;Zeca Baleiro;13/02/2024;Gratuito;https://recargapay.com.br/r/rafpin394-mk
73;09/03 - Djavan (Centro de Eventos).Ingressos: site efolia, link: https://efolia.com.br/ingressos/2485/djavan_turne_d..UTILIDADE PÚBLICA: baixe o app RecargaPay e faça pix com cartão de crédito com a menor taxa do mercado e ganhe cashback com o código: rafpin394 https://recargapay.com.br/r/rafpin394-mk...Ative as notificações no instagram e siga o moderador da pagina @rpontofael;Djavan Turnê;Centro de Eventos;Djavan;09/03/2024;-;https://efolia.com.br/ingressos/2485/djavan_turne_d
74;Vai ter pagode do bom no @praiow dia 23.03 e você já pode deixar seu lugar reservado! @somdefaculdade vai vir aí para fazer um repertório incrível à beira mar! Ingressos: www.praiow.com.br;Pagode do Bom;Praiow;Som de Faculdade;23/03/24;-;www.praiow.com.br
75;AÊ FORTALEZA??? Estão assim também? Não sabe se tá vivendo ou só esperando o @garotavip dia 27 de abril? ?O festival mais amado do Brasil te espera com nosso líder @wesleysafadao e mais…. @luansantana, @leosantana e @marierayaneoficial Garanta seu ingresso: PONTOS FÍSICOS: RANCHO DO POÇO:(R. Oscar Benevides, 90 - Mondubim, Fortaleza-CE)LOJAS PONTO DA MODA:MARACANAÚ(End.: R. Dezesseis, 331 - Jereissati I, Maracanaú - CE, 61900-230)SHOPPING EUSÉBIO(End.: E040 ?, Av. Eusébio de Queiroz, 1890 - Loja 10 - Tamatanduba, Eusébio - CE)CENTRO(End. R. Guilherme Rocha, 203 - Centro)SHOPPING RIO MAR KENNEDY (End.: Av. Sgt. Hermínio Sampaio, 3100 - Pres. Kennedy, Fortaleza - CE) MESSEJANA (Av. Frei Cirilo, 172 - Messejana, Fortaleza - CE)NORTH SHOPPING JÓQUEI (Av. Lineu Machado, 419 - Jóquei Clube, Fortaleza - CE)Venda on-line: https://www.virtualticket.com.br/eventos/garota-vip-fortaleza-2024#GarotaVip #Fortaleza #Ceará #SaveTheDate #SóOsFortesEntendem #WesleySafadão #CamaroteShows #LuanSantana #LeoSantana #MarieRayane;Garota VIP Fortaleza 2024;-;Wesley Safadão, Luan Santana, Leo Santana, Marie Rayane;27/04/24;-;https://www.virtualticket.com.br/eventos/garota-vip-fortaleza-2024#GarotaVip
76;Hoje é dia de #tbt e não poderíamos deixar de relembrar alguns dos grandes sucessos da dupla @henriqueejuliano para sentirmos A MAIOR SAUDADE! Dia 18 de maio eles vão desembarcar em FORTALEZA para uma apresentação muito especial. Você não vai querer ficar de fora, né? Ingressos esgotando: www.limitezero.art.br;Show de Henrique e Juliano;Fortaleza;Henrique e Juliano;18/05/24;-;www.limitezero.art.br
77;"Vem aí! Novo DVD @tonyguerraoficial ""Inesquecível"". Aguardem! #TonyGuerra #Sacode@agencia.after";Inesquecível;-;Tony Guerra;-;-;-
78;FORTALEZA!! O show da Tarja Turunen e Marko Hietala está a apenas dois dias de distância! Prepare-se para uma noite histórica de metal sinfônico em Fortaleza. Ainda dá tempo de garantir seu ingresso e fazer parte desse momento memorável! Corra e garanta o seu agora mesmo pelo link na bio. #TarjaTurunen #MarkoHietala #MetalSinfônico #ShowEmFortaleza #IngressosDisponíveis;Show de Tarja Turunen e Marko Hietala;Fortaleza;Tarja Turunen e Marko Hietala;-;-;-
79;Garanta logo seu ingresso, no site @efolia. @Brunomartini + @Murilotronco + @Dudufeitosa + @Slimfatmusic +@VicentedecastroPíer do Marina Park Hotel Sábado | 13/04;Efolia;Píer do Marina Park Hotel;Brunomartini, Murilotronco, Dudufeitosa, Slimfatmusic, Vicentedecastro;13/04/2024;-;https://www.efolia.com.br
80;SAVE THE DATE! Vocês se lembram do ano passado? Festa linda, muita alegria e momentos inesquecíveis! O que foi bom em nossa 1ª edição será melhor ainda em 2024. Duvidam? Nosso reencontro é sábado, dia 22/06 @vemprochurrasquinho Em breve, mais informações#VemProChurrasquinho #Pagode #MenosÉMais #GrupoMenosÉMais #ChurrasquinhoMenosÉMais;Vem Pro Churrasquinho;-;Grupo Menos É Mais;22/06/2024;-;-
81;CONTAGEM REGRESSIVASÁBADO TEM VIRADA DE LOTEFERIADÃO EM LIMOEIRO _O FENÔMENO E O ORIGINAL_@nattan e @zevaqueiro Só vem _SSVALE 2024_O maior evento do interior do Ceará!Sábado de Aleluia, 30 de março No @zoadashows em Limoeiro!Que pancada de encontro Vendas: brasilticket.com.br;-;ZOADASHOWS EM LIMOEIRO;@nattan e @zevaqueiro;30/03/24;-;brasilticket.com.br
82;?JOTAVÊ e HENRY FREITAS mandou avisar que esse nesse FDS Fortaleza vai ferver Preparem-se que oficialmente começamos na sexta com o AQUECE no Colosso ?.Vamos aquecer junto com o @AlanzimCoreano + @NuzioMedeiros + @Jotave_of +?. Aquece Fortaleza, 15 de março Vendas: https://outgo.com.br/aquece Informações: (85) 99691-0824 Colosso - Fortaleza/CE .@r10producoes_@acerteiproducoes@1beat.agencia#fortaleza #colosso #aquece;Aquece Fortaleza;Colosso - Fortaleza/CE;@AlanzimCoreano + @NuzioMedeiros + @Jotave_of +?;15/03/24;-;https://outgo.com.br/aquece
83;ATENÇÃO Confira tudo o que você precisa saber sobre a gravação do DVD do Henry Freitas. Nos vemos domingo (17) em Fortaleza Tudo Vira Terapia DVD Henry Freitas 17 de Março Colosso - Fortaleza/CE https://brasilticket.com.br/gravacao-do-dvd-tudo-vira-terapia-henry-freitas.html;Tudo Vira Terapia DVD Henry Freitas;Colosso - Fortaleza/CE;Henry Freitas;17/03/24;-;https://brasilticket.com.br/gravacao-do-dvd-tudo-vira-terapia-henry-freitas.html
84;Atenção, Quixeramobim! Se liguem na ordem das atrações para a nossa noite que será repleta de emoções: 22h - Abertura dos portões 1: @claudioneyejuliana2: @seudesejo3: @reyvaqueiro até o dia amanhecer Pontos de venda: Online - Virtual Ticket: www.virtualticket.com.br/eventos/a-mais-romantica-e-o-rey Venda Física: Quixeramobim: Divino 88 e Casa do Bebê • Quixadá: Tella • São Miguel: José Amâncio Mercantil #SeuDesejo #Ceará #ReyVaqueiro #Quixeramobim #AMaisRomântica #ClaudioNeyEJuliana #ÉoRey;A Mais Romântica e o Rey;Quixeramobim, Divino 88 e Casa do Bebê, Tella, José Amâncio Mercantil;@claudioneyejuliana, @seudesejo, @reyvaqueiro;-;-;www.virtualticket.com.br/eventos/a-mais-romantica-e-o-rey
85;@avinevinny é o responsável por fazer revoadas inesquecíveis! E dia 23.03 não será diferente! Faltam só 7 dias, então corre porque tá chegando. Não vai ficar de fora, né? Ingressos: Link na bio;-;-;Avine Vinny;23/03/2024;-;-
86;O time está formado para o nosso encontro no @praiow dia 06.04! Já deixem tudo programado e ingresso garantido. Vai ser uma noite de tirar o fôlego. ? Link na bio;-;Praiow;-;06/04/24;-;-
87;ÚLTIMAS HORAS HOJE TEM VIRADA DE LOTEFERIADÃO EM LIMOEIRO _O FENÔMENO E O ORIGINAL_@nattan e @zevaqueiro Só vem _SSVALE 2024_O maior evento do interior do Ceará!Sábado de Aleluia, 30 de março No @zoadashows em Limoeiro!Que pancada de encontro Vendas online: brasilticket.com.br;-;Limoeiro;Nattan e Ze Vaqueiro;30/03/24;-;brasilticket.com.br
88;FALTAM 7 DIAS para vivermos o melhor forró do BRASIL! Zé Cantor, Toca do Vale, Junior Vianna e Forró Real te esperam dia 23 de março, no estacionamento do Cidade Mix. Pontos de venda - On-line: https://brasilticket.com.br/cidade-mix-forro-de-verdade.html- ?Vendas físicas: Barzim da Maraponga, Carneiro Prime e Óticas Diniz. #CidadeMix #Forró #Forródeverdade #Ingresso;-;estacionamento do Cidade Mix;Zé Cantor, Toca do Vale, Junior Vianna e Forró Real;23/03/24;-;https://brasilticket.com.br/cidade-mix-forro-de-verdade.html
89;FORTALEZA!! Os portões abrirão às 19h30 para o show da TARJA e MARKO HIETALA! Fiquem ligados nas recomendações e restrições para aproveitar ao máximo o SHOW HOJE! #PortõesAbertos;Show da Tarja e Marko Hietala;Fortaleza;Tarja e Marko Hietala;-;-;-
90;O nosso momento chegou, Quixeramobim! Hoje viveremos uma noite repleta de emoções com @seudesejo, @reyvaqueiro e @claudioneyejuliana na Casa de Shows Arreio de Prata! Ah, não esqueça os óculos escuros, pois vamos amanhecer com o Rey das Vaquejadas! Pontos de venda: Online - Virtual Ticket: www.virtualticket.com.br/eventos/a-mais-romantica-e-o-rey Venda Física: Quixeramobim: Divino 88 e Casa do Bebê • Quixadá: Tella • São Miguel: José Amâncio Mercantil #SeuDesejo #Ceará #ReyVaqueiro #Quixeramobim #AMaisRomântica #ClaudioNeyEJuliana #ÉoRey;A Mais Romântica e o Rey;Casa de Shows Arreio de Prata;Seu Desejo, Rey Vaqueiro, Claudio Ney e Juliana;-;-;www.virtualticket.com.br/eventos/a-mais-romantica-e-o-rey
91;FORTALEZA!!! O grande dia chegou! Hoje é o show da Tarja e Marko Hietala em Fortaleza! Vocês esperaram tanto por esse momento histórico, então vamos aproveitar juntos! Os portões abrirão às 19:30! Se ainda não garantiu seu ingresso, corra! Últimos ingressos disponíveis. Link na bio! #ShowTarjaMarkoFortaleza #MomentoHistórico #últimosingressos;Show da Tarja e Marko Hietala em Fortaleza;Fortaleza;Tarja e Marko Hietala;-;-;-
92;FORTALEZA!!Sei que vocês estão muito animados pra esse tão aguardado show da Tarja e do Marko Hietala então temos uma novidade: Os portões abrirão mais cedo! Às 19:30! Para proporcionar mais conforto e comodidade para todos! E se você ainda não adquiriu seu ingresso, não perde tempo pois os últimos ingressos ainda estão disponíveis! LINK NA BIO. #tarjaemarkoemfortaleza;Show da Tarja e do Marko Hietala;-;Tarja e Marko Hietala;-;-;-
93;CONTAGEM REGRESSIVAAMANHÃ TEM VIRADA DE LOTEFERIADÃO EM LIMOEIRO O FENÔMENO E O ORIGINAL@nattan e @zevaqueiro Só vem SSVALE 2024O maior evento do interior do Ceará!Sábado de Aleluia, 30 de março No @zoadashows em Limoeiro!Que pancada de encontro Vendas online: brasilticket.com.br;-;Zoada Shows, Limoeiro;Nattan e Zé Vaqueiro;30/03/24;-;brasilticket.com.br
94;A rainha do samba, nossa Alcione Marrom estará de volta a Fortaleza no dia 01 de Junho, em única apresentação. Ingressos a venda :Óticas Diniz - Shop. Iguatemi e North Shop. (Bezerra de Menezes) www.grafcarlos.com;Alcione Marrom;Fortaleza;Alcione Marrom;01/06/24;-;www.grafcarlos.com
95;Sextou com forró de vaquejada A Farra do Zé 3 já está disponível no Youtube. Chaaaama #zecantor #vaquejada;A Farra do Zé 3;-;Zé Cantor;-;-;https://www.youtube.com
96;FORTALEZA!!O grande dia finalmente está chegando! Amanhã, Fortaleza será palco de um momento histórico com o show de Tarja Turunen e Marko Hietala! Se você ainda não garantiu seu ingresso, não perca tempo! Os últimos estão disponíveis. Quer fazer parte desse espetáculo incrível? Corra e garanta o seu agora mesmo! Link na bio. #TarjaTurunen #MarkoHietala #ShowAoVivo #Fortaleza #MúsicaAoVivo;Show de Tarja Turunen e Marko Hietala;Fortaleza;Tarja Turunen e Marko Hietala;-;-;-
97;É HOJE Sem dúvidas o melhor lugar para curtir a noite de Fortaleza! Vem aproveitar e se divertir aqui no seu Dedé! @seudedebotequim Cuidaa!#vemproseudedéAv. Pontes Vieira, 1700. São João do Tatuapé - Fortaleza- Ce;-;Seu Dedé Botequim;-;-;-;-
98;? É HOJE?Aquece Fortaleza Preparem-se que oficialmente começamos o FDS hoje com o AQUECE no Colosso ?.Vamos aquecer junto com o @AlanzimCoreano + @NuzioMedeiros + @Jotave_of +?. Aquece Fortaleza, 15 de março Vendas: https://outgo.com.br/aquece Informações: (85) 99691-0824 Colosso - Fortaleza/CE .@r10producoes_@acerteiproducoes@1beat.agencia#fortaleza #colosso #aquece;Aquece Fortaleza;Colosso - Fortaleza/CE;AlanzimCoreano + NuzioMedeiros + Jotave_of;15/03/24;-;https://outgo.com.br/aquece
99;Segundou com a energia do FDS é no @radar.pub! Nesta segunda (18), véspera de feriado, o pub mais irado da cidade vai comecar a semana com o agito diferenciado de Arthur Bacana e dos Djs Igor Wolf, Lari Cavalcante e JR Vasconcelos no comando dos principais hits até o amanhecer! Além disso, tem happy hour de 19h às 21h e toda a estrutura incrível do Radar Pub com ambiente climatizado e coberto para tornar a experiência ainda mais especial! ?Garante já seu ingresso antecipado com link na bio e nos stories! #radarpub #vesperadeferiado #vocetanomeuradar #festa #balada #fortaleza;-;Radar Pub;Arthur Bacana e DJs Igor Wolf, Lari Cavalcante e JR Vasconcelos;-;-;-
100;? Tudo vira terapia Que vybbe é essa @henryfreitas ? Por aqui foi naquela energia fora do normal! Com certeza juntos entramos pra história.;Tudo Vira Terapia;-;@henryfreitas;-;-;-
101;CHEGOU O DIA! Hoje Tudo Vira Terapia em Fortaleza, na gravação do DVD do Henry Freitas;Tudo Vira Terapia;Fortaleza;Henry Freitas;-;-;-
102;Só quem fã entende e quem já viveu sabe o que é curtir com @wesleysafadao e seus grandes sucessos no Festival mais amado do Brasil. Pronto, preparado e querendo? Dia 27 de abril o @garotavip promete! Garanta seu ingresso: PONTOS FÍSICOS: RANCHO DO POÇO:(R. Oscar Benevides, 90 - Mondubim, Fortaleza-CE)LOJAS PONTO DA MODA:MARACANAÚ(End.: R. Dezesseis, 331 - Jereissati I, Maracanaú - CE, 61900-230)SHOPPING EUSÉBIO(End.: E040 ?, Av. Eusébio de Queiroz, 1890 - Loja 10 - Tamatanduba, Eusébio - CE)CENTRO(End. R. Guilherme Rocha, 203 - Centro)SHOPPING RIO MAR KENNEDY (End.: Av. Sgt. Hermínio Sampaio, 3100 - Pres. Kennedy, Fortaleza - CE) MESSEJANA (Av. Frei Cirilo, 172 - Messejana, Fortaleza - CE)NORTH SHOPPING JÓQUEI (Av. Lineu Machado, 419 - Jóquei Clube, Fortaleza - CE)Venda on-line: https://www.virtualticket.com.br/eventos/garota-vip-fortaleza-2024#GarotaVip #Fortaleza #Ceará #SaveTheDate #SóOsFortesEntendem #WesleySafadão #CamaroteShows #LuanSantana #LeoSantana #MarieRayane;Garota Vip Fortaleza 2024;Diversos locais em Fortaleza-CE;@wesleysafadao e outros artistas;27/04/24;-;https://www.virtualticket.com.br/eventos/garota-vip-fortaleza-2024#
103;Recadinho do Terapeuta Dr. HENRY ?Hoje TUDO VIRA TERAPIA em Fortaleza/CE Sessão marcada às 16hrs. Cheguem cedo! #dvdhenry;TUDO VIRA TERAPIA;Fortaleza/CE;-;-;-;-
104;Hoje é dia do fã e em especial a isso, CONTA PRA GENTE… O quanto você é fã de um forró de verdade? Zé Cantor, Toca do Vale, Junior Vianna e Forró Real te esperam dia 23 de março, no estacionamento do Cidade Mix. Pontos de venda - On-line: https://brasilticket.com.br/cidade-mix-forro-de-verdade.html- ?Vendas físicas: Barzim da Maraponga, Carneiro Prime e Óticas Diniz. #CidadeMix #Forró #Forródeverdade #Ingresso;Forró de Verdade;Estacionamento do Cidade Mix;Zé Cantor, Toca do Vale, Junior Vianna e Forró Real;23/03/24;-;https://brasilticket.com.br/cidade-mix-forro-de-verdade.html
105;Vendas presenciais a partir de AMANHÃ no escritório do @kukukaya (ao lado do estacionamento) ! Corre logo que já está acabando.Vendas online no link da bio.#kukukaya #forrodasantigas #forropedeserra;-;Kukukaya;-;-;-;-
106;Quem já garantiu seu ingresso? Já é sábado, viu? Vem conferir o mapa do nosso evento! Zé Cantor, Toca do Vale, Junior Vianna e Forró Real te esperam dia 23 de março, no estacionamento do Cidade Mix. Pontos de venda - On-line: https://brasilticket.com.br/cidade-mix-forro-de-verdade.html- ?Vendas físicas: Barzim da Maraponga, Carneiro Prime e Óticas Diniz. #CidadeMix #Forró #Forródeverdade #Táchegando;Forró de Verdade;Estacionamento do Cidade Mix;Zé Cantor, Toca do Vale, Junior Vianna e Forró Real;23/03/24;-;https://brasilticket.com.br/cidade-mix-forro-de-verdade.html
107;Henrique e Juliano em Fortaleza 18 de Maio no Colosso Stage Adquira já seu ingresso no link da bio! #henriqueejuliano;Henrique e Juliano;Colosso Stage;-;18/05/24;-;-
108;Ele voltou com tudo FERIADÃO EM LIMOEIRO O FENÔMENO E O ORIGINAL@nattan e @zevaqueiro Só vem SSVALE 2024O maior evento do interior do Ceará!Sábado de Aleluia, 30 de março No @zoadashows em Limoeiro!Que pancada de encontro Vendas no link da bio.;FERIADÃO EM LIMOEIRO;@zoadashows em Limoeiro;Nattan e Zé Vaqueiro;30/03/24;-;-
109;As vendas de ingressos físicos começam nessa quarta (20.03)! ?Já podem começar a se programar e avisarem os amigos que ainda não garantiram a entrada! Óticas DinizCentro - Praça Ferreira | Aldeota- Harmony Center | Iguatemi | Messejana | Montese | Jockey | North Shopping;-;;-;-;-;-
110;Preparados para um adeus memorável? Adquira já o seu ingresso do Buteco Despedida: Fortaleza, através do, @BaladAPP e garanta em até 8X no cartão. Abre o portão que eu cheguei! A venda online é EXCLUSIVA do @BaladAPP (aplicativo ou baladapp.com.br), acesse já: (https://baladapp.com.br/a/butecofortaleza2024/4742) PONTOS DE VENDA FÍSICO:After Tickets - RioMar Fortaleza.Seu Domingo Quintal (North Shopping Joquei) Parcele em até 3x sem juros @agencia.afterOBS: Vendas de suítes somente no contato (85) 99631-1308 CADU#ButecoFortaleza #OEmbaixador #ButecoDespedida #Fortaleza #Buteco #Agenciaafter;Buteco Despedida;Fortaleza;-;-;-;https://baladapp.com.br/a/butecofortaleza2024/4742
111;Faltam só 5 dias! Estamos muito próximos de curtir @avinnevinny e @somdefaculdade à beira mar, no @praiow! @vemdeboa, dia 23.03! Link de ingressos na bio;Faltam só 5 dias!;Praia;Avinne Vinny e Som de Faculdade;23/03/24;-;-
112;O @garotavip Fortaleza te espera! Dia 27 de Abril viveremos novas emoções no Estacionamento da Arena Castelão com nosso líder @Wesleysafadao, @luansantana, @leosantana e @marierayaneoficialdia 27 Garanta seu ingresso: PONTOS FÍSICOS: RANCHO DO POÇO:(R. Oscar Benevides, 90 - Mondubim, Fortaleza-CE)LOJAS PONTO DA MODA:MARACANAÚ(End.: R. Dezesseis, 331 - Jereissati I, Maracanaú - CE, 61900-230)SHOPPING EUSÉBIO(End.: E040 ?, Av. Eusébio de Queiroz, 1890 - Loja 10 - Tamatanduba, Eusébio - CE)CENTRO(End. R. Guilherme Rocha, 203 - Centro)SHOPPING RIO MAR KENNEDY (End.: Av. Sgt. Hermínio Sampaio, 3100 - Pres. Kennedy, Fortaleza - CE) MESSEJANA (Av. Frei Cirilo, 172 - Messejana, Fortaleza - CE)NORTH SHOPPING JÓQUEI (Av. Lineu Machado, 419 - Jóquei Clube, Fortaleza - CE)Venda on-line: https://www.virtualticket.com.br/eventos/garota-vip-fortaleza-2024#GarotaVip #Fortaleza #Ceará #SaveTheDate #SóOsFortesEntendem #WesleySafadão #CamaroteShows #LuanSantana #LeoSantana #MarieRayane;Garota VIP Fortaleza 2024;Estacionamento da Arena Castelão;Wesley Safadão, Luan Santana, Leo Santana, Marie Rayane;27/04/24;-;https://www.virtualticket.com.br/eventos/garota-vip-fortaleza-2024#
113;Marca aí duas amigas que estamos de olho, viu! Zé Cantor, Toca do Vale, Junior Vianna e Forró Real te esperam dia 23 de março, no estacionamento do Cidade Mix. Pontos de venda - On-line: https://brasilticket.com.br/cidade-mix-forro-de-verdade.html- ?Vendas físicas: Barzim da Maraponga, Carneiro Prime e Óticas Diniz. #CidadeMix #Forró #Forródeverdade #Ingresso;;-;;;;
114;Foooco na Semana Santa que o Baguncinha 2024 está chegando no maior sábado de aleluia do interior do Ceará. E aí, partiu?Vendas no link da bio.;Baguncinha 2024;Interior do Ceará;-;-;-;-
115;Se liga que vai ter dobradinha de roda de samba com o grupo DTF e convidados! davizao e @palhanosambademesaSegunda a partir das 19:30Terça a partir das 16:30Local: @paraiba.bar;Dobradinha de Roda de Samba;Paraíba Bar;Grupo DTF e convidados;-;-;-
116;Diz aí… qual emoji define sua sensação de saber que dia 18 de maio, @henriqueejuliano vão desembarcar em Fortaleza? O encontro está marcado e o repertório da dupla vai ser daquele jeito que a gente ama! Fogo & Gasolina e Limite Zero! ?Ingressos na mão? www.limitezero.art.br;Show Henrique e Juliano;Fortaleza;Henrique e Juliano;18/04/24;-;www.limitezero.art.br
117;@mojjo sabe como fazer da pista um lugar único e cheio de energia! ?Agora imagina isso à beira mar e pé na areia! Dia 06.04 ele desembarca no @praiow e os ingressos estão voando! www.praiow.com.br;Show do Mojjo;@praiow;Mojjo;06/04/24;-;www.praiow.com.br
118;Nossa próxima terapia? Dia 30 DE março no Playa HENRY FREITAS - BANDA EVARALK - BAILE DO ED CumbucoAdquira já seu ingresso no LINK DA BIO.Para maiores informações chama a gente no DIRECT;Nossa próxima terapia;Playa HENRY FREITAS;BANDA EVARALK - BAILE DO ED Cumbuco;30/03/24;-;-
119;"Em setembro, tem Vaquejada de Itapebussu 2024! Emoção, tradição e muito forró aguardam por você de 18 a 22 de setembro, no Parque Novilha de Prata, em Maranguape. Prepare-se para viver momentos inesquecíveis na vaquejada mais importante do Brasil, que será palco de competições acirradas, atividades empolgantes e shows musicais com grandes artistas do cenário forrozeiro. #VaquejadaItapebussu #ForróDeVaquejada #Maranguape""#Desde1945 #VaquejadaItapebussu2024 #Forró #Itapebussu";Vaquejada de Itapebussu 2024;Parque Novilha de Prata, Maranguape;Grandes artistas do cenário forrozeiro;18/09/2024 a 22/09/2024;-;-
120;Não perco por nada o MF dando a vida no Dança dos Famosos! #MF #DançadosFamosos #Globo @demusic_ #DeMusic;Dança dos Famosos;-;MF;-;-;-
121;ÚLTIMAS 24h de Pré-venda Exclusiva para cadastrados! ??Se você entrou para o grupo seleto, mas ainda não garantiu seu passe para a viagem, não vacila! Viajante que dorme no ponto não embarca, ok? Cheque seu e-mail e aperte o botão que te enviamos. ?? Pré-venda Exclusiva para cadastrados disponível até quarta (20) Às 12h00.??WOW | The Third Travel 08 de Jun. | Marina Park - Fortaleza Ative as notificações para novas atualizações.-#festawow #energiawow #thethirdtravel #waveventos #wow;The Third Travel;Marina Park - Fortaleza;-;08/06/24;-;-
122;Desde 1993, o Só pra Contrariar escreve sua história com você… A próxima é 10 de maio, em Fortaleza!Bora?! SPC Acústico 2 - O Último Encontro - 10/05, em Fortaleza, no Centro de Eventos Ceará Ingressos disponíveis no link da BIO do @spcacustico ou em spcacustico.com.br#SPCAcústico #SPC #SóPraContrariar #R2comSPC@demusic_;SPC Acústico 2 - O Último Encontro;Centro de Eventos Ceará, Fortaleza;Só Pra Contrariar;10/05/2024;-;spcacustico.com.br
123;Nosso amigo Nattanzinho já caiu na estrada para o Playa Cumbuco. Você já tá de malas prontas?Os ventos nos levam para um novo destino.28, 29 e 30 de Março.Cumbuco - CEIngressos disponíveis (Link na Bio)Vendas sem taxa no direct!;Playa Cumbuco;Cumbuco - CE;-;28/03/2024 a 30/03/2024;-;-
124;Preparem-se! Sábado tem Lagosta e Batista juntos em uma noite indescritível no melhor forró da cidade. Não fique de fora, corra e garanta o seu ingresso. @kukukaya #kukukaya #forrodasantigas #forropedeserra;Noite de Lagosta e Batista;Kukukaya;Lagosta e Batista;-;-;-
125;O trio apocalíptico que já sabem, né? Se juntar… É Limite Zero! Ingressos na mão pro dia 18 de maio? www.limitezero.art.br Óticas DinizCentro - Praça Ferreira | Aldeota- Harmony Center | Iguatemi | Messejana | Montese | Jockey | North Shopping;Limite Zero;-;Trio apocalíptico;18/05/24;-;www.limitezero.art.br
126;Fortaleza, a data de abertura das vendas para o @vemprochurrasquinho está chegando! Fiquem atentos, porque a partir do dia 27, quarta-feira, vocês poderão garantir seu passaporte para o Churrasquinho do Menos é Mais. #VemProChurrasquinho #Pagode #MenosÉMais #GrupoMenosÉMais #ChurrasquinhoMenosÉMais;Churrasquinho do Menos é Mais;-;Grupo Menos é Mais;-;-;-
127;Curte aí se você vai pro Baguncinha na maior Semana Santa do estado do CearáNa compra do seu ingresso, você leva na hora um copo exclusivo do evento + abadá oficial e ainda parcela em 3x sem juros PONTOS DE VENDAS QUIXERAMOBIM Casa do Bebê Rua Abílio Silva, 168 Burgery Quixeramobim Rua Joel Nunes, 122 Malluvida Boutique Rua Cônego Aureliano Mota, 27 Farmácia Fórmula Verde Rua Teixeira de Freitas, 228 QUIXADÁ Tella Moda Feminina Avenida Plácido Castelo, 2000 VENDAS ON-LINE BrasilTicket.com.br #baguncinha2024 #semanasanta #euvou #quixeramobim #marifernandez #jonasesticado #zecantor #mateusximenes #osdonosdafesta #todomundovai;Baguncinha;-;Mari Fernandez, Jonas Esticado, Zé Cantor, Mateus Ximenes, Os Donos da Festa;-;-;BrasilTicket.com.br
128;Zé cantor já está te acionando para viver um FORRÓ DE VERDADE! Zé Cantor, Toca do Vale, Junior Vianna e Forró Real te esperam dia 23 de março, no estacionamento do Cidade Mix para dançarmos um forrózinho bom. Pontos de venda - On-line: https://brasilticket.com.br/cidade-mix-forro-de-verdade.html- ?Vendas físicas: Barzim da Maraponga, Carneiro Prime e Óticas Diniz. #CidadeMix #Forró #Forródeverdade #ZéCantor;Forró de Verdade;Estacionamento do Cidade Mix;Zé Cantor, Toca do Vale, Junior Vianna e Forró Real;23/03/24;-;https://brasilticket.com.br/cidade-mix-forro-de-verdade.html
129;Virada de lote à vista! Amanhã, 21, teremos uma virada de lote, os ingressos estão voando! Corre e avise os amigos: www.praiow.com.br;-;-;-;-;-;www.praiow.com.br
130;O lote está quase esgotando! @vemdeboa porque neste sábado (23) teremos @avinevinny, @somdefaculdade e @carolssantosreal no @praiow! Ingressos www.praiow.com.br;Evento Vem de Boa;Praiow;Avine Vinny, Som de Faculdade, Carol Santos Real;23/09/24;-;www.praiow.com.br
131;Esgotamos, mas a energia que vamos criar juntos vai ser ILIMITADA!@sorrisoasantigas - Fortaleza/CE 06 de Abril | Marina Park #SorrisoasAntigasFortaleza #D&EMusic @demusic_;Sorriso as Antigas;Marina Park;D&EMusic;06/04/24;-;-
132;Ei, Fortaleza: Não se esqueça! Dia 10 de maio, nosso encontro está marcado na última turnê do Só Pra Contrariar Acústico 2! SPC Acústico 2 - O Último Encontro - 10/05, em Fortaleza, no Centro de Eventos Ceará Ingressos disponíveis no link da BIO do @spcacustico ou em spcacustico.com.br#SPCAcústico #SPC #SóPraContrariar #R2comSPC @demusic_;SPC Acústico 2 - O Último Encontro;Centro de Eventos Ceará;Só Pra Contrariar;10/05/2024;-;spcacustico.com.br
133;STATUS ALTERADO: Esperando o GV Fortaleza! ? Quem mais tá assim? Pega o Guanabara e vem seguir o líder no Festival mais amado do Brasil! Fortaleza vai parar em mais uma edição histórica do nosso @garotavip, dia 27 de abril com @Wesleysafadao, @luansantana, @leosantana e @marierayaneoficial Garanta seu ingresso: PONTOS FÍSICOS: RANCHO DO POÇO:(R. Oscar Benevides, 90 - Mondubim, Fortaleza-CE)LOJAS PONTO DA MODA:MARACANAÚ(End.: R. Dezesseis, 331 - Jereissati I, Maracanaú - CE, 61900-230)SHOPPING EUSÉBIO(End.: E040 ?, Av. Eusébio de Queiroz, 1890 - Loja 10 - Tamatanduba, Eusébio - CE)CENTRO(End. R. Guilherme Rocha, 203 - Centro)SHOPPING RIO MAR KENNEDY (End.: Av. Sgt. Hermínio Sampaio, 3100 - Pres. Kennedy, Fortaleza - CE) MESSEJANA (Av. Frei Cirilo, 172 - Messejana, Fortaleza - CE)NORTH SHOPPING JÓQUEI (Av. Lineu Machado, 419 - Jóquei Clube, Fortaleza - CE)Venda on-line: https://www.virtualticket.com.br/eventos/garota-vip-fortaleza-2024#GarotaVip #Fortaleza #Ceará #SaveTheDate #SóOsFortesEntendem #WesleySafadão #CamaroteShows #LuanSantana #LeoSantana #MarieRayane;Garota Vip Fortaleza;Diversos pontos na cidade de Fortaleza-CE;Wesley Safadão, Luan Santana, Leo Santana, Marie Rayane;27/04/24;-;https://www.virtualticket.com.br/eventos/garota-vip-fortaleza-2024#GarotaVip
134;Tripulação 003 CONFIRMADA! #WOW2024 ???Agora a nossa nave está pronta para decolar. O time de comandantes está completo para assumir a terceira viagem que iremos fazer juntos. E você, viajante, está pronto? Portas em automático! ??? WOW 2024 - The Third Travel @liulive • @eliiwasa • @brunofurlan • @fatsyncmusic @saviomusic • @twonottymusic • @vylowmusic b2b @ruddekmusic ??? 08 de Jun. | Marina Park - Fortaleza Vendas AMANHÃ (25) às 12h00 festawow.com.br-#festawow #energiawow #thethirdtravel #waveventos #wow #owleventos;WOW 2024 - The Third Travel;Marina Park - Fortaleza;@liulive • @eliiwasa • @brunofurlan • @fatsyncmusic @saviomusic • @twonottymusic • @vylowmusic b2b @ruddekmusic;08/06/24;-;festawow.com.br
135;Já garantiu o ingresso pro @somoslimitezero ? Aproveite o feriado e adquira o seu! Não fique de fora ?18 de MaioHenrique e JulianoNattan www.limitezero.art.br Óticas DinizCentro - Praça Ferreira | Aldeota- Harmony Center | Iguatemi | Messejana | Montese | Jockey | North Shopping#henriqueejuliano;Limite Zero;Óticas Diniz;Henrique e Juliano;18/05/24;-;www.limitezero.art.br
136;Nossa próxima terapia? SÁBADO, 30 DE março no Playa O LOTE VAI VIRAR Adquira já seu ingresso no LINK DA BIO.Para maiores informações chama a gente no DIRECT.HENRY FREITAS - BANDA EVARALK - BAILE DO ED Cumbuco;Baile do Ed Cumbuco;Playa O;Henry Freitas - Banda Evaralk;30/03/24;-;-
137;Presenteie sua mãe com uma noite cheia de ritmo e alegria ao som contagiante de Beto Barbosa neste mês especial!*Mães merecem o melhor* Local: Círculo Militar de FortalezaIngresso: Outgo.com.brInformações: 85 99796-4882;Presenteie sua mãe com uma noite cheia de ritmo e alegria;Círculo Militar de Fortaleza;Beto Barbosa;-;-;Outgo.com.br
138;Está quase tudo pronto para nossa decolagem, mas ainda falta saber quem são os tripulantes que irão comandar a nave. ?? Fiquem atentos: HOJE às 20h00 no feed vamos liberar o tão esperado LINE!??WOW | The Third Travel 08 de Jun. | Marina Park - Fortaleza Vendas AMANHÃ (25) às 12h00 festawow.com.br-#festawow #energiawow #thethirdtravel #waveventos #wow #owleventos;WOW | The Third Travel;Marina Park - Fortaleza;-;08/06/24;-;festawow.com.br
139;Sem dúvidas o melhor lugar para curtir a noite de Fortaleza! Vem aproveitar e se divertir aqui no seu Dedé! Cuidaa! @seudedebotequim #vemproseudedé Av. Pontes Vieira, 1700. São João do Tatuapé - Fortaleza- Ce;-;Seu Dedé;-;-;-;-
140;Esgotado! Isso é @Kukukaya;Kukukaya;-;@Kukukaya;-;-;-
141;Nosso encarregado para assuntos especiais foi visto no Navio da Só Track Boa. }???Boatos que ele foi buscar o line... SERÁ? ??WOW | The Third Travel 08 de Jun. | Marina Park - Fortaleza Vendas a partir de Seg, 25/Mar. festawow.com.br-#festawow #energiawow #thethirdtravel #waveventos #owleventos #wow;The Third Travel;Marina Park - Fortaleza;-;08/06/24;-;festawow.com.br
142;O Último Encontro do SPC tá chegando e a gente quer saber: será que você já sabe de todos os detalhes? Arrasta pro lado e confira todas as novidades sobre a turnê do @spcacustico e não se esqueça de garantir seu ingresso. SPC Acústico 2 - O Último Encontro - 10/05, em Fortaleza, no Centro de Eventos Ceará Ingressos disponíveis no link da BIO do @spcacustico ou em spcacustico.com.br#SPCAcústico #SPC #SóPraContrariar #R2comSPC@demusic_;SPC Acústico 2 - O Último Encontro;Centro de Eventos Ceará;SPC Acústico;10/05/2024;-;spcacustico.com.br
143;É hoje! @kukukaya Bilheteria aberta a partir das 20h.;-;Kukukaya;-;-;-;-
144;Nossa próxima terapia? SÁBADO, 30 DE março no Playa HENRY FREITAS - BANDA EVARALK - BAILE DO ED CumbucoAdquira já seu ingresso no LINK DA BIO.Para maiores informações chama a gente no DIRECT;Baile do Ed Cumbuco;Playa Henry Freitas;Banda Evaralk;30/03/24;-;-
145;Fortaleza se prepara pra viver uma noite com a rainha do samba : Alcione! 01 de junho Shopping Salinas Garanta o seu ingresso : Grafcarlos.comÓticas Diniz (Iguatemi e North Shopping);Alcione;Shopping Salinas;Alcione;01/06/24;-;-
146;É HOJEVem De Boa, porque temos um encontro marcado no @praiow com @avinevinny, @somdefaculdade e @crissantosreal ! Ingressos na mão? www.praiow.com.br;Vem De Boa;@praiow;@avinevinny, @somdefaculdade, @crissantosreal;-;-;www.praiow.com.br
147;Chegou o GRANDA DIA! É hoje a noite que vai marcar FORTALEZA com muito forró de verdade. Zé Cantor, Toca do Vale, Junior Vianna e Forró Real te esperam hoje, no estacionamento do Cidade Mix. Pontos de venda - On-line: https://brasilticket.com.br/cidade-mix-forro-de-verdade.html- ?Vendas físicas: Barzim da Maraponga, Carneiro Prime e Óticas Diniz. #CidadeMix #Forró #Forródeverdade #Éhoje;GRANDA DIA;estacionamento do Cidade Mix;Zé Cantor, Toca do Vale, Junior Vianna e Forró Real;-;-;https://brasilticket.com.br/cidade-mix-forro-de-verdade.html
148;@somdefaculdade comentou um pouquinho das expectativas pro nosso encontro de hoje, no @praiow! Ingressos já garantidos! Corre porque tá chegando… www.praiow.com.br;Encontro de hoje;Praiow;-;-;-;www.praiow.com.br
149;Amanhã teremos o #VemDeBoa no @praiow e, como de costume, há algumas regras básicas para transformar nosso encontro especial e a ordem dos artistas também já estão definidos! Arraste pro lado e quem não garantiu entrada, corre porque ainda dá tempo! www.praiow.com.br;#VemDeBoa;Praiow;-;-;-;www.praiow.com.br
150;Finalmente o SEXTOU chegou! Quem vai estar igual o @nattan? Naquela resenha em casa só com os sucessos… ?Aproveite o fim de semana e garanta sua entrada pro nosso encontro dia 18 de maio! www.limitezero.art.br Óticas DinizCentro - Praça Ferreira | Aldeota- Harmony Center | Iguatemi | Messejana | Montese | Jockey | North Shopping;;-;;;;
151;O fenômeno Jonas Esticado, sucesso absoluto na edição 2020 do Baguncinha, promete um show inesquecível na maior Semana Santa do CearáE aí, já garantiu seu passaporte? Na compra do seu ingresso, você leva na hora um copo exclusivo do evento + abadá oficial e ainda parcela em 3x sem juros PONTOS DE VENDAS QUIXERAMOBIM Casa do Bebê Rua Abílio Silva, 168 Burgery Quixeramobim Rua Joel Nunes, 122 Malluvida Boutique Rua Cônego Aureliano Mota, 27 Farmácia Fórmula Verde Rua Teixeira de Freitas, 228 QUIXADÁ Tella Moda Feminina Avenida Plácido Castelo, 2000 VENDAS ON-LINE BrasilTicket.com.br #baguncinha2024 #semanasanta #euvou #quixeramobim #marifernandez #jonasesticado #zecantor #mateusximenes #osdonosdafesta #todomundovai;Baguncinha 2024;Fortaleza, Ceará;Jonas Esticado;-;-;BrasilTicket.com.br
152;"A Espera acabou! Está disponível em nosso canal https://www.youtube.com/@seudesejo ""Cama de Solteiro"", primeira faixa do DVD ""Nosso Tempo é Agora""! Assistam sem moderação! @seudesejo | @yaratche | @aledesejo | @camaroteshows #SeuDesejo #Lançamento #CamaDeSolteiro #YaraTchê #AlessandroCosta #NossoTempoéAgora";-;-;YaraTchê, AlessandroCosta;-;-;-
153;É AMANHÃ! Uauuuu estamos pertinho de viver essa incrível noite com muito forró de Zé Cantor, Toca do Vale, Junior Vianna e Forró Real. Amanhã estamos te esperando no estacionamento do Cidade Mix. Pontos de venda - On-line: https://brasilticket.com.br/cidade-mix-forro-de-verdade.html- ?Vendas físicas: Barzim da Maraponga, Carneiro Prime e Óticas Diniz. #CidadeMix #Forró #Forródeverdade #ZéCantor;Cidade Mix - Forró de Verdade;Estacionamento do Cidade Mix;Zé Cantor, Toca do Vale, Junior Vianna e Forró Real;-;-;https://brasilticket.com.br/cidade-mix-forro-de-verdade.html
154;Ai que saudade de um beija-flor.. 18 de MaioHenrique e JulianoNattan Vendas online no link da bio Óticas DinizCentro - Praça Ferreira | Aldeota- Harmony Center | Iguatemi | Messejana | Montese | Jockey | North Shopping#henriqueejuliano #floreobeijaflor;-;Centro - Praça Ferreira | Aldeota- Harmony Center | Iguatemi | Messejana | Montese | Jockey | North Shopping;Henrique e Juliano, Nattan;18/05/24;-;-
155;Me entreguei de corpo inteiroMesmo assim você quis outro alguém @vemprochurrasquinho 22 de Jun | Colosso Fortaleza Link com DESCONTO na BIO. ingressos à venda: no link da bio e nas lojas skyler dos shoppings Parangaba, Rio mar kennedy e Iguatemi#VemProChurrasquinho #Pagode #MenosÉMais #GrupoMenosÉMais #ChurrasquinhoMenosÉMais;Vem Pro Churrasquinho;Colosso Fortaleza;Grupo Menos é Mais;22/06/24;-;-
156;Eu implorei pra voltar 18 de MaioHenrique e JulianoNattan Vendas online no link da bio Óticas DinizCentro - Praça Ferreira | Aldeota- Harmony Center | Iguatemi | Messejana | Montese | Jockey | North Shopping#henriqueejuliano;Henrique e Juliano;Centro - Praça Ferreira | Aldeota- Harmony Center | Iguatemi | Messejana | Montese | Jockey | North Shopping;Nattan;18/05/24;-;-
157;Atenção passageiros, aqui é a #Tripulação003 que vos fala. Arraste para o lado e confira um pouco do que iremos entregar à vocês no dia 08/Jun. Estejam cientes de que tudo isso é apenas uma fração do que viveremos juntos na Terceira Viagem. ? Vocês estão prontos? ????Garanta AGORA seu cartão de embarque. festawow.com.br???? WOW 2024 - The Third Travel@liulive • @eliiwasa • @brunofurlan • @fatsyncmusic@saviomusic • @twonottymusic • @vylowmusic b2b @ruddekmusic???? 08 de Jun. | Marina Park - Fortaleza-#festawow #energiawow #thethirdtravel #waveventos #wow #owleventos #tripulação003;WOW 2024 - The Third Travel;Marina Park - Fortaleza;@liulive • @eliiwasa • @brunofurlan • @fatsyncmusic @saviomusic • @twonottymusic • @vylowmusic b2b @ruddekmusic;08/06/24;-;festawow.com.br
158;Henry Freitas volta ao Ceará após 15 dias do seu DVD e faz show histórico no sábado de Playa Cumbuco até as 07:00 da manhã! INGRESSOS ESGOTADOS.#henryfreitas;Show Henry Freitas;Playa Cumbuco;Henry Freitas;-;-;-
159;ALÔ Fortaleza Vem aí…VIRADA DE LOTE Garanta já seu ingresso para o @garotavip e curta o Festival mais amado do Brasil! A partir de segunda-feira, 08 de Abril novos valores!Pronto, preparado e querendo? Dia 27 de abril promete! GARANTA SEU INGRESSO: Pontos Físicos: RANCHO DO POÇO:(R. Oscar Benevides, 90 - Mondubim, Fortaleza-CE)LOJAS PONTO DA MODA:MARACANAÚ(End.: R. Dezesseis, 331 - Jereissati I, Maracanaú - CE, 61900-230)SHOPPING EUSÉBIO(End.: E040 ?, Av. Eusébio de Queiroz, 1890 - Loja 10 - Tamatanduba, Eusébio - CE)CENTRO(End. R. Guilherme Rocha, 203 - Centro)SHOPPING RIO MAR KENNEDY (End.: Av. Sgt. Hermínio Sampaio, 3100 - Pres. Kennedy, Fortaleza - CE) MESSEJANA (Av. Frei Cirilo, 172 - Messejana, Fortaleza - CE)NORTH SHOPPING JÓQUEI (Av. Lineu Machado, 419 - Jóquei Clube, Fortaleza - CE)Venda on-line: https://www.virtualticket.com.br/eventos/garota-vip-fortaleza-2024#GarotaVip #Fortaleza #Ceará #SóOsFortesEntendem #WesleySafadão #CamaroteShows #LuanSantana #LeoSantana #MarieRayane;Garota Vip Fortaleza;RANCHO DO POÇO (R. Oscar Benevides, 90 - Mondubim, Fortaleza-CE);Wesley Safadão, Luan Santana, Leo Santana, Marie Rayane;27/04/24;-;https://www.virtualticket.com.br/eventos/garota-vip-fortaleza-2024
160;Próximo sábado nos encontramos no @sorrisoasantigas @marinaparkhotel Ingressos esgotados #sorrisomaroto;Sorriso Antigas;Marina Park Hotel;-;-;-;-
161;Quem disse que não existe Festival perfeito não conhece o @garotvip. Fortaleza viverá experiências únicas com nosso líder @Wesleysafadao, @luansantana, @leosantana e @marierayaneoficial Sábado, 27 de Abril no Estacionamento da Arena Castelão. Garanta seu ingresso: PONTOS FÍSICOS: RANCHO DO POÇO:(R. Oscar Benevides, 90 - Mondubim, Fortaleza-CE)LOJAS PONTO DA MODA:MARACANAÚ(End.: R. Dezesseis, 331 - Jereissati I, Maracanaú - CE, 61900-230)SHOPPING EUSÉBIO(End.: E040 ?, Av. Eusébio de Queiroz, 1890 - Loja 10 - Tamatanduba, Eusébio - CE)CENTRO(End. R. Guilherme Rocha, 203 - Centro)SHOPPING RIO MAR KENNEDY (End.: Av. Sgt. Hermínio Sampaio, 3100 - Pres. Kennedy, Fortaleza - CE) MESSEJANA (Av. Frei Cirilo, 172 - Messejana, Fortaleza - CE)NORTH SHOPPING JÓQUEI (Av. Lineu Machado, 419 - Jóquei Clube, Fortaleza - CE)Venda on-line: https://www.virtualticket.com.br/eventos/garota-vip-fortaleza-2024#GarotaVip #Fortaleza #Ceará #SaveTheDate #SóOsFortesEntendem #WesleySafadão #CamaroteShows #LuanSantana #LeoSantana #MarieRayane;Garota Vip Fortaleza 2024;Estacionamento da Arena Castelão;Wesley Safadão, Luan Santana, Leo Santana, Marie Rayane;27/04/24;-;https://www.virtualticket.com.br/eventos/garota-vip-fortaleza-2024#GarotaVip
162;CHEGOU O GRANDE DIAHOJE LIMOEIRO PARA TUDOEITA FORROZÃO GIGANTE@guilhermedantasoficial @tarcisiodoacordeon @zevaqueiro @nattan;-;-;GUilherme Dantas, Tarcísio do Acordeon, Zé Vaqueiro, Nattan;-;-;-
163;Marque os seus amigos que vão curtir com você mais uma edição do Churrasquinho do Menos é Mais em Fortaleza @vemprochurrasquinho 22 de Jun | Colosso Fortaleza ingressos à venda: site da @ingresse e nas lojas skyler dos shoppings Parangaba, Rio mar kennedy e Iguatemi #VemProChurrasquinho #Pagode #MenosÉMais #GrupoMenosÉMais #ChurrasquinhoMenosÉMais;Churrasquinho do Menos é Mais;Colosso Fortaleza;Menos é Mais;22/06/24;-;-
164;Chegou o grande dia! Hoje a Casa de Shows Arreio de Prata em Quixeramobim vai ser o palco do maior sábado de aleluia do Ceará. Prepara o look e convida os amigos, porque iremos iniciar às 18h00min e vamos até o dia amanhecer PONTOS DE VENDAS QUIXERAMOBIM Casa do Bebê Rua Abílio Silva, 168 Burgery Quixeramobim Rua Joel Nunes, 122 Malluvida Boutique Rua Cônego Aureliano Mota, 27 Farmácia Fórmula Verde Rua Teixeira de Freitas, 228 QUIXADÁ Tella Moda Feminina Avenida Plácido Castelo, 2000 VENDAS ON-LINE BrasilTicket.com.br #baguncinha2024 #semanasanta #euvou #quixeramobim #marifernandez #jonasesticado #zecantor #mateusximenes #osdonosdafesta #todomundovai;-;Casa de Shows Arreio de Prata em Quixeramobim;Marí Fernandez, Jonas Esticado, Zé Cantor, Mateus Ximenes, Os Donos da Festa;-;-;BrasilTicket.com.br
